User,Weight,Height,BMI
ID_1,62,165,22.77318640955005
ID_2,78,177,24.897060231734173
ID_3,88,180,27.160493827160494
ID_4,67,175,21.877551020408163
